,LLF R2 train,LLF R2 test,XGB R2 train,XGB R2 test,RF R2 train,RF R2 test,LLF RMSE train,LLF RMSE test,XGB RMSE train,XGB RMSE test,RF RMSE train,RF RMSE test,nr_rows,nr_cols,dataset,split_type,var_kind,data_kind,run_signature,metadata
0,0.046,0.009,0.782,-0.102,0.162,0.003,19.824,21.517,9.471,22.688,18.575,21.577,2000,10,eq. 7 in llf publication with high variance w linear ll splits,linear ll splits,high var,regular,2025-06-01 12:57:36_with_10_cols_2000_rows,{'train_proportion': 0.5}
1,0.067,0.011,0.612,-0.093,0.173,0.001,20.378,20.386,13.145,21.435,19.186,20.485,2000,30,eq. 7 in llf publication with high variance w llf splits,llf splits,high var,regular,2025-05-31 21:51:34_with_30_cols_2000_rows,{'train_proportion': 0.5}
2,0.189,0.126,0.939,0.364,0.482,0.33,6.906,6.931,1.892,5.909,5.52,6.067,2000,20,eq. 7 in llf publication w llf splits,llf splits,low var,regular,2025-05-31 21:35:06_with_20_cols_2000_rows,{'train_proportion': 0.5}
3,0.076,0.007,0.846,-0.136,0.197,0.005,20.202,20.585,8.256,22.012,18.829,20.605,2000,20,eq. 7 in llf publication with high variance w linear ll splits,linear ll splits,high var,regular,2025-06-01 13:56:11_with_20_cols_2000_rows,{'train_proportion': 0.5}
4,0.167,0.112,0.866,0.375,0.452,0.309,6.883,7.15,2.765,6.0,5.583,6.306,2000,30,eq. 7 in llf publication w linear ll splits,linear ll splits,low var,regular,2025-06-01 14:22:38_with_30_cols_2000_rows,{'train_proportion': 0.5}
5,0.047,0.016,0.758,-0.07,0.175,0.021,20.149,20.523,10.163,21.401,18.743,20.468,2000,10,eq. 7 in llf publication with high variance w linear ll splits,linear ll splits,high var,regular,2025-06-01 13:08:14_with_10_cols_2000_rows,{'train_proportion': 0.5}
6,0.223,0.13,0.946,0.379,0.449,0.286,6.377,7.15,1.676,6.04,5.37,6.477,2000,30,eq. 7 in llf publication w llf splits,llf splits,low var,regular,2025-05-31 22:13:07_with_30_cols_2000_rows,{'train_proportion': 0.5}
7,0.245,0.142,0.963,0.345,0.483,0.29,6.698,6.939,1.485,6.063,5.542,6.315,2000,30,eq. 7 in llf publication w llf splits,llf splits,low var,regular,2025-06-01 17:52:58_with_30_cols_2000_rows,{'train_proportion': 0.5}
8,0.098,-0.0,0.88,-0.108,0.191,0.007,19.195,21.277,7.005,22.397,18.18,21.2,2000,40,eq. 7 in llf publication with high variance w linear ll splits,linear ll splits,high var,regular,2025-06-01 14:43:53_with_40_cols_2000_rows,{'train_proportion': 0.5}
9,0.049,-0.002,0.642,-0.024,0.16,0.022,20.482,21.199,12.557,21.431,19.247,20.945,2000,10,eq. 7 in llf publication with high variance w llf splits,llf splits,high var,regular,2025-06-01 00:42:34_with_10_cols_2000_rows,{'train_proportion': 0.5}
10,0.409,0.336,0.927,0.474,0.561,0.474,4.931,5.092,1.734,4.533,4.248,4.534,2000,50,pois eq. 7 in llf publication with low variance w pois splits,pois splits,high var,pois,2025-06-02 03:11:50_with_50_cols_2000_rows,{'train_proportion': 0.5}
11,0.39,0.3,0.901,0.45,0.582,0.448,4.733,5.014,1.904,4.446,3.915,4.451,2000,50,pois eq. 7 in llf publication with low variance w llf splits,llf splits,high var,pois,2025-06-02 04:04:15_with_50_cols_2000_rows,{'train_proportion': 0.5}
12,0.206,0.135,0.926,0.361,0.415,0.293,7.038,6.991,2.145,6.008,6.043,6.317,2000,20,eq. 7 in llf publication w llf splits,llf splits,low var,regular,2025-05-31 21:40:16_with_20_cols_2000_rows,{'train_proportion': 0.5}
13,0.194,0.09,0.958,0.317,0.425,0.261,6.854,7.091,1.559,6.145,5.788,6.39,2000,50,eq. 7 in llf publication w llf splits,llf splits,low var,regular,2025-06-01 00:13:23_with_50_cols_2000_rows,{'train_proportion': 0.5}
14,0.098,0.015,0.877,-0.124,0.207,0.016,19.547,20.527,7.212,21.931,18.33,20.525,2000,30,eq. 7 in llf publication with high variance w linear ll splits,linear ll splits,high var,regular,2025-06-01 14:38:37_with_30_cols_2000_rows,{'train_proportion': 0.5}
15,0.382,0.342,0.89,0.486,0.574,0.476,4.734,5.079,1.995,4.492,3.932,4.533,2000,20,pois eq. 7 in llf publication with low variance w llf splits,llf splits,high var,pois,2025-06-02 00:50:29_with_20_cols_2000_rows,{'train_proportion': 0.5}
16,0.196,0.129,0.845,0.319,0.456,0.231,6.533,6.827,2.866,6.035,5.372,6.415,2000,20,eq. 7 in llf publication w linear ll splits,linear ll splits,low var,regular,2025-06-01 13:50:49_with_20_cols_2000_rows,{'train_proportion': 0.5}
17,0.217,0.121,0.866,0.294,0.414,0.249,6.665,6.8,2.762,6.096,5.765,6.286,2000,40,eq. 7 in llf publication w linear ll splits,linear ll splits,low var,regular,2025-06-01 15:10:53_with_40_cols_2000_rows,{'train_proportion': 0.5}
18,0.374,0.335,0.899,0.48,0.567,0.454,4.952,4.912,1.992,4.346,4.118,4.45,2000,20,pois eq. 7 in llf publication with low variance w pois splits,pois splits,high var,pois,2025-06-02 00:21:14_with_20_cols_2000_rows,{'train_proportion': 0.5}
19,0.359,0.31,0.891,0.494,0.561,0.479,4.932,5.256,2.039,4.5,4.08,4.568,2000,30,pois eq. 7 in llf publication with low variance w pois splits,pois splits,high var,pois,2025-06-02 01:49:41_with_30_cols_2000_rows,{'train_proportion': 0.5}
20,0.2,0.129,0.838,0.357,0.398,0.225,6.711,7.092,3.018,6.092,5.821,6.69,2000,20,eq. 7 in llf publication w linear ll splits,linear ll splits,low var,regular,2025-06-01 13:34:58_with_20_cols_2000_rows,{'train_proportion': 0.5}
21,0.165,0.138,0.818,0.383,0.462,0.266,6.96,6.972,3.248,5.896,5.586,6.432,2000,10,eq. 7 in llf publication w linear ll splits,linear ll splits,low var,regular,2025-06-01 13:08:14_with_10_cols_2000_rows,{'train_proportion': 0.5}
22,0.207,0.139,0.879,0.378,0.428,0.29,6.764,7.282,2.646,6.19,5.744,6.612,2000,30,eq. 7 in llf publication w linear ll splits,linear ll splits,low var,regular,2025-06-01 14:17:21_with_30_cols_2000_rows,{'train_proportion': 0.5}
23,0.383,0.301,0.913,0.422,0.543,0.391,4.825,5.049,1.814,4.592,4.152,4.713,2000,50,pois eq. 7 in llf publication with low variance w pois splits,pois splits,high var,pois,2025-06-02 03:26:44_with_50_cols_2000_rows,{'train_proportion': 0.5}
24,0.399,0.338,0.939,0.467,0.592,0.444,4.87,4.992,1.546,4.48,4.012,4.575,2000,10,pois eq. 7 in llf publication with low variance w linear ll splits,linear ll splits,high var,pois,2025-06-01 23:30:20_with_10_cols_2000_rows,{'train_proportion': 0.5}
25,0.165,0.131,0.917,0.385,0.463,0.33,6.914,7.033,2.182,5.917,5.544,6.176,2000,10,eq. 7 in llf publication w llf splits,llf splits,low var,regular,2025-06-01 19:08:32_with_10_cols_2000_rows,{'train_proportion': 0.5}
26,0.046,0.005,0.623,-0.073,0.171,-0.01,20.055,20.809,12.611,21.616,18.686,20.968,2000,10,eq. 7 in llf publication with high variance w llf splits,llf splits,high var,regular,2025-06-01 00:21:32_with_10_cols_2000_rows,{'train_proportion': 0.5}
27,0.384,0.326,0.969,0.447,0.596,0.454,4.938,5.204,1.101,4.714,3.999,4.685,2000,30,pois eq. 7 in llf publication with low variance w linear ll splits,linear ll splits,high var,pois,2025-06-02 01:27:29_with_30_cols_2000_rows,{'train_proportion': 0.5}
28,0.403,0.356,0.914,0.518,0.587,0.477,4.92,4.934,1.867,4.269,4.093,4.448,2000,50,pois eq. 7 in llf publication with low variance w pois splits,pois splits,high var,pois,2025-06-02 03:56:44_with_50_cols_2000_rows,{'train_proportion': 0.5}
29,0.243,0.158,0.964,0.39,0.401,0.253,6.692,7.144,1.467,6.08,5.956,6.73,2000,30,eq. 7 in llf publication w llf splits,llf splits,low var,regular,2025-06-01 17:47:45_with_30_cols_2000_rows,{'train_proportion': 0.5}
30,0.333,0.317,0.888,0.484,0.534,0.454,5.067,5.057,2.078,4.392,4.237,4.519,2000,20,pois eq. 7 in llf publication with low variance w pois splits,pois splits,high var,pois,2025-06-02 00:28:46_with_20_cols_2000_rows,{'train_proportion': 0.5}
31,0.057,0.017,0.822,-0.095,0.198,0.005,20.615,20.521,8.967,21.658,19.012,20.647,2000,10,eq. 7 in llf publication with high variance w linear ll splits,linear ll splits,high var,regular,2025-06-01 12:41:57_with_10_cols_2000_rows,{'train_proportion': 0.5}
32,0.185,0.121,0.851,0.371,0.447,0.309,6.941,7.183,2.965,6.077,5.72,6.367,2000,20,eq. 7 in llf publication w linear ll splits,linear ll splits,low var,regular,2025-06-01 13:18:58_with_20_cols_2000_rows,{'train_proportion': 0.5}
33,0.197,0.13,0.864,0.368,0.447,0.307,6.743,6.861,2.772,5.847,5.593,6.124,2000,30,eq. 7 in llf publication w linear ll splits,linear ll splits,low var,regular,2025-06-01 14:06:38_with_30_cols_2000_rows,{'train_proportion': 0.5}
34,0.368,0.298,0.897,0.479,0.591,0.464,4.853,5.214,1.956,4.491,3.902,4.554,2000,20,pois eq. 7 in llf publication with low variance w llf splits,llf splits,high var,pois,2025-06-02 00:14:04_with_20_cols_2000_rows,{'train_proportion': 0.5}
35,0.205,0.147,0.859,0.339,0.422,0.249,6.581,7.036,2.773,6.195,5.614,6.601,2000,30,eq. 7 in llf publication w linear ll splits,linear ll splits,low var,regular,2025-06-01 14:01:30_with_30_cols_2000_rows,{'train_proportion': 0.5}
36,0.228,0.189,0.841,0.398,0.459,0.301,6.524,6.958,2.962,5.998,5.461,6.461,2000,10,eq. 7 in llf publication w linear ll splits,linear ll splits,low var,regular,2025-06-01 13:13:34_with_10_cols_2000_rows,{'train_proportion': 0.5}
37,0.173,0.156,0.911,0.396,0.398,0.282,6.685,6.713,2.191,5.681,5.701,6.193,2000,10,eq. 7 in llf publication w llf splits,llf splits,low var,regular,2025-06-01 00:42:34_with_10_cols_2000_rows,{'train_proportion': 0.5}
38,0.209,0.144,0.933,0.387,0.44,0.296,6.856,7.077,1.989,5.991,5.771,6.417,2000,40,eq. 7 in llf publication w llf splits,llf splits,low var,regular,2025-05-31 22:35:33_with_40_cols_2000_rows,{'train_proportion': 0.5}
39,0.171,0.105,0.858,0.38,0.423,0.288,6.846,7.089,2.831,5.897,5.714,6.322,2000,40,eq. 7 in llf publication w linear ll splits,linear ll splits,low var,regular,2025-06-01 15:21:44_with_40_cols_2000_rows,{'train_proportion': 0.5}
40,0.063,0.022,0.788,-0.116,0.178,0.034,21.118,19.968,10.058,21.332,19.782,19.843,2000,10,eq. 7 in llf publication with high variance w linear ll splits,linear ll splits,high var,regular,2025-06-01 12:52:25_with_10_cols_2000_rows,{'train_proportion': 0.5}
41,0.386,0.347,0.878,0.456,0.542,0.455,4.878,4.958,2.176,4.528,4.21,4.53,2000,20,pois eq. 7 in llf publication with low variance w llf splits,llf splits,high var,pois,2025-06-02 00:43:13_with_20_cols_2000_rows,{'train_proportion': 0.5}
42,0.045,0.02,0.798,-0.123,0.174,0.031,20.244,19.752,9.32,21.143,18.825,19.643,2000,10,eq. 7 in llf publication with high variance w linear ll splits,linear ll splits,high var,regular,2025-06-01 13:02:56_with_10_cols_2000_rows,{'train_proportion': 0.5}
43,0.371,0.324,0.9,0.461,0.552,0.429,5.019,5.157,2.004,4.607,4.239,4.738,2000,30,pois eq. 7 in llf publication with low variance w pois splits,pois splits,high var,pois,2025-06-02 01:34:51_with_30_cols_2000_rows,{'train_proportion': 0.5}
44,0.081,0.001,0.773,-0.084,0.173,-0.015,19.694,20.205,9.789,21.04,18.684,20.366,2000,40,eq. 7 in llf publication with high variance w llf splits,llf splits,high var,regular,2025-05-31 22:18:49_with_40_cols_2000_rows,{'train_proportion': 0.5}
45,0.237,0.105,0.873,0.355,0.459,0.247,6.675,7.13,2.72,6.051,5.62,6.538,2000,50,eq. 7 in llf publication w linear ll splits,linear ll splits,low var,regular,2025-06-01 15:44:17_with_50_cols_2000_rows,{'train_proportion': 0.5}
46,0.113,-0.007,0.899,-0.118,0.218,0.009,19.61,20.275,6.606,21.362,18.415,20.116,2000,40,eq. 7 in llf publication with high variance w linear ll splits,linear ll splits,high var,regular,2025-06-01 15:16:27_with_40_cols_2000_rows,{'train_proportion': 0.5}
47,0.066,0.007,0.857,-0.137,0.184,0.004,20.311,20.352,7.935,21.777,18.98,20.38,2000,20,eq. 7 in llf publication with high variance w linear ll splits,linear ll splits,high var,regular,2025-06-01 13:18:58_with_20_cols_2000_rows,{'train_proportion': 0.5}
48,0.36,0.311,0.904,0.48,0.533,0.434,4.754,5.061,1.843,4.396,4.059,4.586,2000,40,pois eq. 7 in llf publication with low variance w pois splits,pois splits,high var,pois,2025-06-02 02:19:25_with_40_cols_2000_rows,{'train_proportion': 0.5}
49,0.354,0.294,0.893,0.458,0.544,0.444,4.91,5.165,1.994,4.526,4.125,4.585,2000,30,pois eq. 7 in llf publication with low variance w llf splits,llf splits,high var,pois,2025-06-02 01:20:17_with_30_cols_2000_rows,{'train_proportion': 0.5}
50,0.18,0.13,0.938,0.378,0.395,0.262,6.412,7.009,1.756,5.928,5.506,6.456,2000,20,eq. 7 in llf publication w llf splits,llf splits,low var,regular,2025-05-31 21:45:41_with_20_cols_2000_rows,{'train_proportion': 0.5}
51,0.038,0.006,0.578,-0.065,0.143,-0.009,20.53,20.721,13.603,21.443,19.373,20.872,2000,10,eq. 7 in llf publication with high variance w llf splits,llf splits,high var,regular,2025-06-01 17:26:23_with_10_cols_2000_rows,{'train_proportion': 0.5}
52,0.085,0.001,0.881,-0.096,0.192,0.015,19.366,20.443,6.981,21.41,18.201,20.296,2000,30,eq. 7 in llf publication with high variance w linear ll splits,linear ll splits,high var,regular,2025-06-01 14:06:38_with_30_cols_2000_rows,{'train_proportion': 0.5}
53,0.204,0.125,0.949,0.338,0.449,0.274,6.805,7.053,1.714,6.132,5.658,6.422,2000,30,eq. 7 in llf publication w llf splits,llf splits,low var,regular,2025-05-31 21:51:34_with_30_cols_2000_rows,{'train_proportion': 0.5}
54,0.408,0.33,0.976,0.464,0.57,0.476,4.936,5.117,0.993,4.575,4.207,4.523,2000,50,pois eq. 7 in llf publication with low variance w linear ll splits,linear ll splits,high var,pois,2025-06-02 03:11:50_with_50_cols_2000_rows,{'train_proportion': 0.5}
55,0.433,0.354,0.92,0.469,0.617,0.438,4.938,4.936,1.86,4.475,4.062,4.606,2000,50,pois eq. 7 in llf publication with low variance w llf splits,llf splits,high var,pois,2025-06-02 03:49:03_with_50_cols_2000_rows,{'train_proportion': 0.5}
56,0.352,0.3,0.901,0.488,0.542,0.44,4.855,5.138,1.896,4.394,4.08,4.596,2000,40,pois eq. 7 in llf publication with low variance w pois splits,pois splits,high var,pois,2025-06-02 02:34:45_with_40_cols_2000_rows,{'train_proportion': 0.5}
57,0.389,0.33,0.902,0.448,0.571,0.427,4.87,4.995,1.95,4.535,4.081,4.621,2000,40,pois eq. 7 in llf publication with low variance w llf splits,llf splits,high var,pois,2025-06-02 02:42:17_with_40_cols_2000_rows,{'train_proportion': 0.5}
58,0.181,0.143,0.945,0.372,0.443,0.349,6.881,6.811,1.785,5.829,5.673,5.933,2000,20,eq. 7 in llf publication w llf splits,llf splits,low var,regular,2025-06-01 17:31:33_with_20_cols_2000_rows,{'train_proportion': 0.5}
59,0.216,0.097,0.958,0.326,0.449,0.286,6.51,7.261,1.513,6.27,5.457,6.454,2000,50,eq. 7 in llf publication w llf splits,llf splits,low var,regular,2025-06-01 18:30:16_with_50_cols_2000_rows,{'train_proportion': 0.5}
60,0.374,0.329,0.885,0.471,0.561,0.452,4.815,5.086,2.066,4.516,4.032,4.596,2000,20,pois eq. 7 in llf publication with low variance w llf splits,llf splits,high var,pois,2025-06-02 00:57:51_with_20_cols_2000_rows,{'train_proportion': 0.5}
61,0.073,0.03,0.663,-0.049,0.172,0.019,19.911,20.598,12.009,21.416,18.817,20.719,2000,20,eq. 7 in llf publication with high variance w llf splits,llf splits,high var,regular,2025-06-01 17:42:18_with_20_cols_2000_rows,{'train_proportion': 0.5}
62,0.179,0.133,0.848,0.36,0.424,0.286,6.714,7.21,2.89,6.194,5.623,6.545,2000,40,eq. 7 in llf publication w linear ll splits,linear ll splits,low var,regular,2025-06-01 15:00:19_with_40_cols_2000_rows,{'train_proportion': 0.5}
63,0.382,0.313,0.91,0.429,0.577,0.416,4.795,5.197,1.834,4.736,3.969,4.791,2000,50,pois eq. 7 in llf publication with low variance w pois splits,pois splits,high var,pois,2025-06-02 03:41:46_with_50_cols_2000_rows,{'train_proportion': 0.5}
64,0.404,0.331,0.961,0.463,0.579,0.434,4.813,5.056,1.231,4.528,4.046,4.648,2000,30,pois eq. 7 in llf publication with low variance w linear ll splits,linear ll splits,high var,pois,2025-06-02 01:12:50_with_30_cols_2000_rows,{'train_proportion': 0.5}
65,0.362,0.348,0.94,0.495,0.568,0.486,4.978,5.057,1.525,4.451,4.1,4.492,2000,10,pois eq. 7 in llf publication with low variance w linear ll splits,linear ll splits,high var,pois,2025-06-01 23:52:23_with_10_cols_2000_rows,{'train_proportion': 0.5}
66,0.076,-0.006,0.718,-0.114,0.165,0.007,19.434,21.241,10.739,22.357,18.483,21.106,2000,50,eq. 7 in llf publication with high variance w llf splits,llf splits,high var,regular,2025-06-01 18:24:43_with_50_cols_2000_rows,{'train_proportion': 0.5}
67,0.068,0.006,0.689,-0.06,0.194,-0.031,20.314,20.229,11.724,20.89,18.883,20.605,2000,20,eq. 7 in llf publication with high variance w llf splits,llf splits,high var,regular,2025-05-31 21:35:06_with_20_cols_2000_rows,{'train_proportion': 0.5}
68,0.062,-0.006,0.621,-0.108,0.173,-0.016,18.744,21.126,11.922,22.163,17.598,21.224,2000,40,eq. 7 in llf publication with high variance w llf splits,llf splits,high var,regular,2025-05-31 22:24:26_with_40_cols_2000_rows,{'train_proportion': 0.5}
69,0.354,0.335,0.888,0.484,0.543,0.447,4.987,4.99,2.078,4.392,4.196,4.549,2000,20,pois eq. 7 in llf publication with low variance w llf splits,llf splits,high var,pois,2025-06-02 00:28:46_with_20_cols_2000_rows,{'train_proportion': 0.5}
70,0.109,0.002,0.89,-0.121,0.181,0.001,19.205,21.783,6.758,23.094,18.404,21.798,2000,50,eq. 7 in llf publication with high variance w linear ll splits,linear ll splits,high var,regular,2025-06-01 15:49:39_with_50_cols_2000_rows,{'train_proportion': 0.5}
71,0.12,0.003,0.924,-0.111,0.227,0.024,19.392,20.245,5.691,21.372,18.166,20.032,2000,50,eq. 7 in llf publication with high variance w linear ll splits,linear ll splits,high var,regular,2025-06-01 15:54:59_with_50_cols_2000_rows,{'train_proportion': 0.5}
72,0.406,0.327,0.968,0.429,0.581,0.429,4.703,5.146,1.095,4.74,3.947,4.737,2000,50,pois eq. 7 in llf publication with low variance w linear ll splits,linear ll splits,high var,pois,2025-06-02 03:41:46_with_50_cols_2000_rows,{'train_proportion': 0.5}
73,0.105,0.024,0.891,-0.162,0.218,0.002,19.882,19.986,6.951,21.81,18.575,20.209,2000,30,eq. 7 in llf publication with high variance w linear ll splits,linear ll splits,high var,regular,2025-06-01 14:27:55_with_30_cols_2000_rows,{'train_proportion': 0.5}
74,0.369,0.311,0.909,0.425,0.554,0.433,4.82,5.255,1.829,4.802,4.054,4.77,2000,40,pois eq. 7 in llf publication with low variance w pois splits,pois splits,high var,pois,2025-06-02 02:12:00_with_40_cols_2000_rows,{'train_proportion': 0.5}
75,0.116,-0.001,0.732,-0.077,0.226,-0.006,19.391,21.27,10.686,22.065,18.15,21.319,2000,50,eq. 7 in llf publication with high variance w llf splits,llf splits,high var,regular,2025-06-01 00:02:23_with_50_cols_2000_rows,{'train_proportion': 0.5}
76,0.039,0.014,0.624,-0.074,0.18,0.012,19.965,20.462,12.496,21.355,18.446,20.483,2000,10,eq. 7 in llf publication with high variance w llf splits,llf splits,high var,regular,2025-06-01 00:31:53_with_10_cols_2000_rows,{'train_proportion': 0.5}
77,0.347,0.328,0.882,0.473,0.559,0.459,5.005,4.975,2.125,4.405,4.111,4.464,2000,20,pois eq. 7 in llf publication with low variance w llf splits,llf splits,high var,pois,2025-06-02 00:35:58_with_20_cols_2000_rows,{'train_proportion': 0.5}
78,0.366,0.298,0.901,0.488,0.538,0.434,4.802,5.147,1.896,4.394,4.101,4.619,2000,40,pois eq. 7 in llf publication with low variance w llf splits,llf splits,high var,pois,2025-06-02 02:34:45_with_40_cols_2000_rows,{'train_proportion': 0.5}
79,0.224,0.138,0.928,0.38,0.436,0.332,6.579,7.104,1.999,6.025,5.61,6.254,2000,30,eq. 7 in llf publication w llf splits,llf splits,low var,regular,2025-05-31 21:56:47_with_30_cols_2000_rows,{'train_proportion': 0.5}
80,0.072,0.007,0.836,-0.109,0.182,0.01,20.694,20.89,8.692,22.071,19.423,20.851,2000,20,eq. 7 in llf publication with high variance w linear ll splits,linear ll splits,high var,regular,2025-06-01 13:24:20_with_20_cols_2000_rows,{'train_proportion': 0.5}
81,0.372,0.313,0.886,0.468,0.558,0.435,4.94,5.122,2.109,4.506,4.144,4.646,2000,30,pois eq. 7 in llf publication with low variance w pois splits,pois splits,high var,pois,2025-06-02 01:12:50_with_30_cols_2000_rows,{'train_proportion': 0.5}
82,0.247,0.137,0.876,0.351,0.407,0.241,6.284,7.102,2.553,6.16,5.577,6.659,2000,50,eq. 7 in llf publication w linear ll splits,linear ll splits,low var,regular,2025-06-01 16:00:21_with_50_cols_2000_rows,{'train_proportion': 0.5}
83,0.39,0.329,0.927,0.474,0.579,0.479,5.009,5.121,1.734,4.533,4.16,4.511,2000,50,pois eq. 7 in llf publication with low variance w llf splits,llf splits,high var,pois,2025-06-02 03:11:50_with_50_cols_2000_rows,{'train_proportion': 0.5}
84,0.221,0.156,0.919,0.379,0.486,0.326,6.748,6.863,2.169,5.886,5.481,6.133,2000,10,eq. 7 in llf publication w llf splits,llf splits,low var,regular,2025-06-01 19:14:01_with_10_cols_2000_rows,{'train_proportion': 0.5}
85,0.388,0.361,0.888,0.474,0.556,0.462,4.86,4.836,2.079,4.387,4.14,4.439,2000,40,pois eq. 7 in llf publication with low variance w llf splits,llf splits,high var,pois,2025-06-02 03:04:11_with_40_cols_2000_rows,{'train_proportion': 0.5}
86,0.047,0.012,0.572,-0.07,0.147,0.027,20.37,20.617,13.652,21.453,19.274,20.458,2000,10,eq. 7 in llf publication with high variance w llf splits,llf splits,high var,regular,2025-06-01 19:08:32_with_10_cols_2000_rows,{'train_proportion': 0.5}
87,0.081,0.01,0.719,-0.118,0.18,-0.012,19.975,20.704,11.047,21.998,18.877,20.925,2000,40,eq. 7 in llf publication with high variance w llf splits,llf splits,high var,regular,2025-05-31 22:30:02_with_40_cols_2000_rows,{'train_proportion': 0.5}
88,0.212,0.132,0.87,0.363,0.456,0.318,6.817,7.029,2.77,6.019,5.661,6.228,2000,40,eq. 7 in llf publication w linear ll splits,linear ll splits,low var,regular,2025-06-01 15:05:34_with_40_cols_2000_rows,{'train_proportion': 0.5}
89,0.393,0.314,0.901,0.507,0.559,0.455,4.622,5.16,1.864,4.375,3.939,4.6,2000,40,pois eq. 7 in llf publication with low variance w llf splits,llf splits,high var,pois,2025-06-02 02:56:56_with_40_cols_2000_rows,{'train_proportion': 0.5}
90,0.337,0.325,0.957,0.469,0.555,0.468,5.042,4.985,1.289,4.422,4.132,4.425,2000,20,pois eq. 7 in llf publication with low variance w linear ll splits,linear ll splits,high var,pois,2025-06-02 00:35:58_with_20_cols_2000_rows,{'train_proportion': 0.5}
91,0.366,0.325,0.898,0.452,0.576,0.43,4.924,5.037,1.976,4.536,4.03,4.627,2000,30,pois eq. 7 in llf publication with low variance w pois splits,pois splits,high var,pois,2025-06-02 02:04:34_with_30_cols_2000_rows,{'train_proportion': 0.5}
92,0.039,0.024,0.627,-0.054,0.168,0.036,20.465,20.694,12.754,21.498,19.046,20.562,2000,10,eq. 7 in llf publication with high variance w llf splits,llf splits,high var,regular,2025-06-01 19:14:01_with_10_cols_2000_rows,{'train_proportion': 0.5}
93,0.36,0.338,0.89,0.45,0.534,0.46,5.017,5.091,2.079,4.641,4.283,4.597,2000,30,pois eq. 7 in llf publication with low variance w llf splits,llf splits,high var,pois,2025-06-02 01:57:17_with_30_cols_2000_rows,{'train_proportion': 0.5}
94,0.411,0.352,0.868,0.473,0.594,0.432,4.82,4.939,2.282,4.455,4.006,4.623,2000,10,pois eq. 7 in llf publication with low variance w llf splits,llf splits,high var,pois,2025-06-01 23:30:20_with_10_cols_2000_rows,{'train_proportion': 0.5}
95,0.084,0.002,0.729,-0.122,0.211,-0.03,19.453,20.264,10.583,21.486,18.061,20.59,2000,40,eq. 7 in llf publication with high variance w llf splits,llf splits,high var,regular,2025-05-31 22:35:33_with_40_cols_2000_rows,{'train_proportion': 0.5}
96,0.406,0.354,0.872,0.543,0.576,0.491,4.823,5.11,2.24,4.297,4.074,4.536,2000,10,pois eq. 7 in llf publication with low variance w llf splits,llf splits,high var,pois,2025-06-01 23:59:39_with_10_cols_2000_rows,{'train_proportion': 0.5}
97,0.357,0.337,0.878,0.456,0.525,0.462,4.99,4.999,2.176,4.528,4.289,4.501,2000,20,pois eq. 7 in llf publication with low variance w pois splits,pois splits,high var,pois,2025-06-02 00:43:13_with_20_cols_2000_rows,{'train_proportion': 0.5}
98,0.391,0.324,0.891,0.494,0.565,0.472,4.807,5.2,2.039,4.5,4.065,4.597,2000,30,pois eq. 7 in llf publication with low variance w llf splits,llf splits,high var,pois,2025-06-02 01:49:41_with_30_cols_2000_rows,{'train_proportion': 0.5}
99,0.188,0.136,0.923,0.391,0.49,0.356,6.961,7.022,2.142,5.893,5.515,6.06,2000,10,eq. 7 in llf publication w llf splits,llf splits,low var,regular,2025-06-01 00:21:32_with_10_cols_2000_rows,{'train_proportion': 0.5}
100,0.359,0.324,0.899,0.48,0.563,0.45,5.011,4.953,1.992,4.346,4.139,4.466,2000,20,pois eq. 7 in llf publication with low variance w llf splits,llf splits,high var,pois,2025-06-02 00:21:14_with_20_cols_2000_rows,{'train_proportion': 0.5}
101,0.406,0.336,0.946,0.469,0.593,0.456,4.684,5.101,1.41,4.562,3.874,4.618,2000,10,pois eq. 7 in llf publication with low variance w linear ll splits,linear ll splits,high var,pois,2025-06-01 23:37:38_with_10_cols_2000_rows,{'train_proportion': 0.5}
102,0.081,0.012,0.88,-0.124,0.192,0.013,19.504,20.266,7.054,21.61,18.284,20.252,2000,30,eq. 7 in llf publication with high variance w linear ll splits,linear ll splits,high var,regular,2025-06-01 14:22:38_with_30_cols_2000_rows,{'train_proportion': 0.5}
103,0.377,0.332,0.901,0.465,0.574,0.428,4.899,4.932,1.948,4.414,4.048,4.564,2000,30,pois eq. 7 in llf publication with low variance w pois splits,pois splits,high var,pois,2025-06-02 01:42:11_with_30_cols_2000_rows,{'train_proportion': 0.5}
104,0.381,0.306,0.909,0.425,0.549,0.438,4.775,5.275,1.829,4.802,4.076,4.747,2000,40,pois eq. 7 in llf publication with low variance w llf splits,llf splits,high var,pois,2025-06-02 02:12:00_with_40_cols_2000_rows,{'train_proportion': 0.5}
105,0.047,0.014,0.593,-0.058,0.18,0.036,20.417,20.709,13.346,21.448,18.942,20.47,2000,10,eq. 7 in llf publication with high variance w llf splits,llf splits,high var,regular,2025-06-01 17:21:11_with_10_cols_2000_rows,{'train_proportion': 0.5}
106,0.435,0.331,0.917,0.458,0.581,0.448,4.468,5.221,1.716,4.701,3.848,4.742,2000,50,pois eq. 7 in llf publication with low variance w pois splits,pois splits,high var,pois,2025-06-02 03:19:15_with_50_cols_2000_rows,{'train_proportion': 0.5}
107,0.215,0.138,0.963,0.32,0.429,0.291,6.669,6.952,1.454,6.177,5.685,6.303,2000,50,eq. 7 in llf publication w llf splits,llf splits,low var,regular,2025-06-01 18:19:21_with_50_cols_2000_rows,{'train_proportion': 0.5}
108,0.406,0.352,0.936,0.538,0.587,0.497,4.826,5.115,1.58,4.322,4.021,4.51,2000,10,pois eq. 7 in llf publication with low variance w linear ll splits,linear ll splits,high var,pois,2025-06-01 23:59:39_with_10_cols_2000_rows,{'train_proportion': 0.5}
109,0.197,0.126,0.951,0.32,0.492,0.318,6.733,6.741,1.668,5.943,5.355,5.954,2000,30,eq. 7 in llf publication w llf splits,llf splits,low var,regular,2025-06-01 17:58:19_with_30_cols_2000_rows,{'train_proportion': 0.5}
110,0.209,0.123,0.882,0.325,0.453,0.303,6.817,6.766,2.629,5.938,5.668,6.033,2000,50,eq. 7 in llf publication w linear ll splits,linear ll splits,low var,regular,2025-06-01 15:54:59_with_50_cols_2000_rows,{'train_proportion': 0.5}
111,0.381,0.328,0.89,0.486,0.565,0.451,4.74,5.133,1.995,4.492,3.974,4.643,2000,20,pois eq. 7 in llf publication with low variance w pois splits,pois splits,high var,pois,2025-06-02 00:50:29_with_20_cols_2000_rows,{'train_proportion': 0.5}
112,0.225,0.123,0.953,0.334,0.461,0.331,6.737,6.968,1.653,6.072,5.619,6.086,2000,50,eq. 7 in llf publication w llf splits,llf splits,low var,regular,2025-05-31 23:50:48_with_50_cols_2000_rows,{'train_proportion': 0.5}
113,0.181,0.122,0.939,0.418,0.485,0.358,6.953,7.069,1.899,5.754,5.517,6.043,2000,20,eq. 7 in llf publication w llf splits,llf splits,low var,regular,2025-05-31 21:29:49_with_20_cols_2000_rows,{'train_proportion': 0.5}
114,0.098,-0.004,0.866,-0.096,0.174,-0.009,19.635,20.996,7.579,21.942,18.799,21.054,2000,50,eq. 7 in llf publication with high variance w linear ll splits,linear ll splits,high var,regular,2025-06-01 16:05:41_with_50_cols_2000_rows,{'train_proportion': 0.5}
115,0.444,0.357,0.92,0.469,0.618,0.45,4.889,4.926,1.86,4.475,4.053,4.558,2000,50,pois eq. 7 in llf publication with low variance w pois splits,pois splits,high var,pois,2025-06-02 03:49:03_with_50_cols_2000_rows,{'train_proportion': 0.5}
116,0.385,0.316,0.901,0.507,0.563,0.466,4.653,5.154,1.864,4.375,3.921,4.552,2000,40,pois eq. 7 in llf publication with low variance w pois splits,pois splits,high var,pois,2025-06-02 02:56:56_with_40_cols_2000_rows,{'train_proportion': 0.5}
117,0.065,0.003,0.823,-0.13,0.182,0.001,19.785,19.996,8.616,21.296,18.506,20.02,2000,20,eq. 7 in llf publication with high variance w linear ll splits,linear ll splits,high var,regular,2025-06-01 13:45:31_with_20_cols_2000_rows,{'train_proportion': 0.5}
118,0.108,0.004,0.891,-0.133,0.173,0.0,19.025,20.71,6.663,22.085,18.32,20.747,2000,40,eq. 7 in llf publication with high variance w linear ll splits,linear ll splits,high var,regular,2025-06-01 15:05:34_with_40_cols_2000_rows,{'train_proportion': 0.5}
119,0.217,0.12,0.86,0.336,0.387,0.224,6.508,7.254,2.754,6.302,5.757,6.813,2000,50,eq. 7 in llf publication w linear ll splits,linear ll splits,low var,regular,2025-06-01 15:32:56_with_50_cols_2000_rows,{'train_proportion': 0.5}
120,0.408,0.352,0.963,0.461,0.584,0.465,4.799,4.842,1.196,4.415,4.025,4.401,2000,40,pois eq. 7 in llf publication with low variance w linear ll splits,linear ll splits,high var,pois,2025-06-02 02:26:46_with_40_cols_2000_rows,{'train_proportion': 0.5}
121,0.063,0.013,0.662,-0.07,0.17,0.015,19.555,20.358,11.745,21.203,18.41,20.341,2000,20,eq. 7 in llf publication with high variance w llf splits,llf splits,high var,regular,2025-06-01 17:31:33_with_20_cols_2000_rows,{'train_proportion': 0.5}
122,0.417,0.352,0.975,0.507,0.587,0.495,4.862,4.948,1.003,4.318,4.089,4.367,2000,50,pois eq. 7 in llf publication with low variance w linear ll splits,linear ll splits,high var,pois,2025-06-02 03:56:44_with_50_cols_2000_rows,{'train_proportion': 0.5}
123,0.4,0.35,0.872,0.543,0.585,0.491,4.848,5.125,2.24,4.297,4.033,4.536,2000,10,pois eq. 7 in llf publication with low variance w pois splits,pois splits,high var,pois,2025-06-01 23:59:39_with_10_cols_2000_rows,{'train_proportion': 0.5}
124,0.196,0.133,0.957,0.398,0.459,0.334,6.544,7.109,1.519,5.923,5.365,6.234,2000,40,eq. 7 in llf publication w llf splits,llf splits,low var,regular,2025-05-31 22:30:02_with_40_cols_2000_rows,{'train_proportion': 0.5}
125,0.104,-0.001,0.711,-0.059,0.173,0.005,19.53,20.47,11.094,21.057,18.765,20.407,2000,50,eq. 7 in llf publication with high variance w llf splits,llf splits,high var,regular,2025-06-01 18:30:16_with_50_cols_2000_rows,{'train_proportion': 0.5}
126,0.376,0.348,0.851,0.5,0.556,0.474,4.86,4.994,2.374,4.371,4.102,4.483,2000,10,pois eq. 7 in llf publication with low variance w pois splits,pois splits,high var,pois,2025-06-01 23:44:56_with_10_cols_2000_rows,{'train_proportion': 0.5}
127,0.218,0.148,0.87,0.436,0.43,0.283,6.884,7.332,2.807,5.966,5.877,6.727,2000,30,eq. 7 in llf publication w linear ll splits,linear ll splits,low var,regular,2025-06-01 14:27:55_with_30_cols_2000_rows,{'train_proportion': 0.5}
128,0.185,0.11,0.957,0.333,0.463,0.326,6.985,7.156,1.608,6.196,5.673,6.227,2000,40,eq. 7 in llf publication w llf splits,llf splits,low var,regular,2025-06-01 18:03:34_with_40_cols_2000_rows,{'train_proportion': 0.5}
129,0.359,0.32,0.885,0.471,0.56,0.464,4.873,5.117,2.066,4.516,4.036,4.545,2000,20,pois eq. 7 in llf publication with low variance w pois splits,pois splits,high var,pois,2025-06-02 00:57:51_with_20_cols_2000_rows,{'train_proportion': 0.5}
130,0.184,0.127,0.79,0.358,0.38,0.233,6.524,6.956,3.309,5.962,5.685,6.519,2000,10,eq. 7 in llf publication w linear ll splits,linear ll splits,low var,regular,2025-06-01 13:02:56_with_10_cols_2000_rows,{'train_proportion': 0.5}
131,0.043,-0.002,0.607,-0.068,0.187,0.001,20.339,20.97,13.031,21.652,18.739,20.94,2000,10,eq. 7 in llf publication with high variance w llf splits,llf splits,high var,regular,2025-06-01 00:26:39_with_10_cols_2000_rows,{'train_proportion': 0.5}
132,0.119,0.002,0.905,-0.113,0.223,-0.023,19.962,20.653,6.542,21.807,18.748,20.91,2000,50,eq. 7 in llf publication with high variance w linear ll splits,linear ll splits,high var,regular,2025-06-01 15:38:40_with_50_cols_2000_rows,{'train_proportion': 0.5}
133,0.388,0.336,0.868,0.473,0.584,0.432,4.916,5.003,2.282,4.455,4.054,4.625,2000,10,pois eq. 7 in llf publication with low variance w pois splits,pois splits,high var,pois,2025-06-01 23:30:20_with_10_cols_2000_rows,{'train_proportion': 0.5}
134,0.16,0.159,0.922,0.425,0.484,0.379,6.975,6.949,2.132,5.743,5.47,5.972,2000,10,eq. 7 in llf publication w llf splits,llf splits,low var,regular,2025-06-01 19:03:17_with_10_cols_2000_rows,{'train_proportion': 0.5}
135,0.204,0.13,0.871,0.369,0.43,0.299,6.625,6.989,2.664,5.955,5.607,6.273,2000,40,eq. 7 in llf publication w linear ll splits,linear ll splits,low var,regular,2025-06-01 14:55:00_with_40_cols_2000_rows,{'train_proportion': 0.5}
136,0.092,0.008,0.674,-0.087,0.21,-0.005,19.859,20.777,11.898,21.747,18.527,20.915,2000,30,eq. 7 in llf publication with high variance w llf splits,llf splits,high var,regular,2025-05-31 22:02:02_with_30_cols_2000_rows,{'train_proportion': 0.5}
137,0.234,0.091,0.948,0.37,0.502,0.312,6.769,7.263,1.77,6.047,5.459,6.321,2000,40,eq. 7 in llf publication w llf splits,llf splits,low var,regular,2025-05-31 22:18:49_with_40_cols_2000_rows,{'train_proportion': 0.5}
138,0.098,-0.001,0.883,-0.048,0.178,0.005,19.461,21.802,7.017,22.31,18.572,21.739,2000,40,eq. 7 in llf publication with high variance w linear ll splits,linear ll splits,high var,regular,2025-06-01 15:21:44_with_40_cols_2000_rows,{'train_proportion': 0.5}
139,0.04,0.019,0.628,-0.071,0.197,0.005,20.339,21.084,12.669,22.025,18.607,21.231,2000,10,eq. 7 in llf publication with high variance w llf splits,llf splits,high var,regular,2025-06-01 17:16:03_with_10_cols_2000_rows,{'train_proportion': 0.5}
140,0.393,0.318,0.964,0.487,0.589,0.461,4.755,5.14,1.161,4.458,3.915,4.568,2000,20,pois eq. 7 in llf publication with low variance w linear ll splits,linear ll splits,high var,pois,2025-06-02 00:14:04_with_20_cols_2000_rows,{'train_proportion': 0.5}
141,0.444,0.335,0.975,0.471,0.593,0.461,4.435,5.206,0.94,4.644,3.795,4.688,2000,50,pois eq. 7 in llf publication with low variance w linear ll splits,linear ll splits,high var,pois,2025-06-02 03:19:15_with_50_cols_2000_rows,{'train_proportion': 0.5}
142,0.154,0.116,0.813,0.441,0.428,0.303,6.892,7.224,3.238,5.745,5.664,6.414,2000,10,eq. 7 in llf publication w linear ll splits,linear ll splits,low var,regular,2025-06-01 12:36:56_with_10_cols_2000_rows,{'train_proportion': 0.5}
143,0.051,0.016,0.765,-0.118,0.139,0.028,19.775,20.385,9.843,21.727,18.835,20.266,2000,10,eq. 7 in llf publication with high variance w linear ll splits,linear ll splits,high var,regular,2025-06-01 12:36:56_with_10_cols_2000_rows,{'train_proportion': 0.5}
144,0.317,0.302,0.834,0.477,0.524,0.445,4.909,5.184,2.421,4.486,4.099,4.62,2000,10,pois eq. 7 in llf publication with low variance w pois splits,pois splits,high var,pois,2025-06-02 00:06:52_with_10_cols_2000_rows,{'train_proportion': 0.5}
145,0.366,0.304,0.913,0.422,0.542,0.398,4.889,5.039,1.814,4.592,4.156,4.688,2000,50,pois eq. 7 in llf publication with low variance w llf splits,llf splits,high var,pois,2025-06-02 03:26:44_with_50_cols_2000_rows,{'train_proportion': 0.5}
146,0.362,0.294,0.966,0.428,0.565,0.434,4.847,5.319,1.124,4.788,4.002,4.764,2000,40,pois eq. 7 in llf publication with low variance w linear ll splits,linear ll splits,high var,pois,2025-06-02 02:12:00_with_40_cols_2000_rows,{'train_proportion': 0.5}
147,0.192,0.136,0.859,0.406,0.424,0.319,6.749,6.879,2.819,5.704,5.699,6.103,2000,20,eq. 7 in llf publication w linear ll splits,linear ll splits,low var,regular,2025-06-01 13:40:17_with_20_cols_2000_rows,{'train_proportion': 0.5}
148,0.189,0.131,0.869,0.361,0.448,0.327,6.774,7.012,2.727,6.014,5.588,6.172,2000,50,eq. 7 in llf publication w linear ll splits,linear ll splits,low var,regular,2025-06-01 16:05:41_with_50_cols_2000_rows,{'train_proportion': 0.5}
149,0.062,0.002,0.687,-0.073,0.16,-0.022,19.76,20.506,11.408,21.255,18.696,20.747,2000,20,eq. 7 in llf publication with high variance w llf splits,llf splits,high var,regular,2025-06-01 17:36:53_with_20_cols_2000_rows,{'train_proportion': 0.5}
150,0.083,0.0,0.859,-0.154,0.193,0.015,20.125,20.642,7.9,22.18,18.878,20.487,2000,20,eq. 7 in llf publication with high variance w linear ll splits,linear ll splits,high var,regular,2025-06-01 13:29:38_with_20_cols_2000_rows,{'train_proportion': 0.5}
151,0.078,0.029,0.868,-0.1,0.178,0.022,19.382,19.642,7.328,20.909,18.302,19.712,2000,20,eq. 7 in llf publication with high variance w linear ll splits,linear ll splits,high var,regular,2025-06-01 13:40:17_with_20_cols_2000_rows,{'train_proportion': 0.5}
152,0.382,0.32,0.881,0.471,0.582,0.455,4.777,5.161,2.097,4.551,3.929,4.622,2000,10,pois eq. 7 in llf publication with low variance w pois splits,pois splits,high var,pois,2025-06-01 23:37:38_with_10_cols_2000_rows,{'train_proportion': 0.5}
153,0.096,0.009,0.885,-0.129,0.189,0.012,20.296,20.966,7.222,22.376,19.221,20.942,2000,30,eq. 7 in llf publication with high variance w linear ll splits,linear ll splits,high var,regular,2025-06-01 14:11:51_with_30_cols_2000_rows,{'train_proportion': 0.5}
154,0.051,0.006,0.597,-0.061,0.155,-0.025,20.307,20.97,13.235,21.662,19.159,21.296,2000,10,eq. 7 in llf publication with high variance w llf splits,llf splits,high var,regular,2025-06-01 19:03:17_with_10_cols_2000_rows,{'train_proportion': 0.5}
155,0.062,-0.005,0.719,-0.094,0.179,-0.008,19.696,20.397,10.773,21.281,18.425,20.428,2000,40,eq. 7 in llf publication with high variance w llf splits,llf splits,high var,regular,2025-06-01 18:03:34_with_40_cols_2000_rows,{'train_proportion': 0.5}
156,0.38,0.334,0.943,0.474,0.561,0.465,4.794,5.067,1.459,4.502,4.034,4.542,2000,20,pois eq. 7 in llf publication with low variance w linear ll splits,linear ll splits,high var,pois,2025-06-02 00:57:51_with_20_cols_2000_rows,{'train_proportion': 0.5}
157,0.064,0.013,0.648,-0.072,0.201,0.018,20.55,20.507,12.595,21.374,18.979,20.458,2000,20,eq. 7 in llf publication with high variance w llf splits,llf splits,high var,regular,2025-05-31 21:45:41_with_20_cols_2000_rows,{'train_proportion': 0.5}
158,0.393,0.338,0.959,0.453,0.572,0.433,4.819,4.986,1.248,4.533,4.046,4.616,2000,30,pois eq. 7 in llf publication with low variance w linear ll splits,linear ll splits,high var,pois,2025-06-02 02:04:34_with_30_cols_2000_rows,{'train_proportion': 0.5}
159,0.366,0.311,0.9,0.461,0.548,0.429,5.041,5.208,2.004,4.607,4.256,4.739,2000,30,pois eq. 7 in llf publication with low variance w llf splits,llf splits,high var,pois,2025-06-02 01:34:51_with_30_cols_2000_rows,{'train_proportion': 0.5}
160,0.167,0.128,0.857,0.351,0.411,0.246,6.901,6.928,2.858,5.976,5.8,6.44,2000,20,eq. 7 in llf publication w linear ll splits,linear ll splits,low var,regular,2025-06-01 13:24:20_with_20_cols_2000_rows,{'train_proportion': 0.5}
161,0.385,0.295,0.888,0.444,0.558,0.431,4.546,5.288,1.939,4.694,3.855,4.751,2000,40,pois eq. 7 in llf publication with low variance w llf splits,llf splits,high var,pois,2025-06-02 02:49:47_with_40_cols_2000_rows,{'train_proportion': 0.5}
162,0.047,0.009,0.82,-0.137,0.169,0.009,21.189,21.398,9.219,22.922,19.786,21.398,2000,10,eq. 7 in llf publication with high variance w linear ll splits,linear ll splits,high var,regular,2025-06-01 12:47:15_with_10_cols_2000_rows,{'train_proportion': 0.5}
163,0.417,0.355,0.914,0.518,0.596,0.494,4.862,4.939,1.867,4.269,4.048,4.374,2000,50,pois eq. 7 in llf publication with low variance w llf splits,llf splits,high var,pois,2025-06-02 03:56:44_with_50_cols_2000_rows,{'train_proportion': 0.5}
164,0.192,0.151,0.918,0.381,0.431,0.283,6.682,7.032,2.131,6.004,5.603,6.46,2000,10,eq. 7 in llf publication w llf splits,llf splits,low var,regular,2025-06-01 00:26:39_with_10_cols_2000_rows,{'train_proportion': 0.5}
165,0.375,0.322,0.967,0.45,0.558,0.439,5.004,5.163,1.145,4.65,4.209,4.699,2000,30,pois eq. 7 in llf publication with low variance w linear ll splits,linear ll splits,high var,pois,2025-06-02 01:34:51_with_30_cols_2000_rows,{'train_proportion': 0.5}
166,0.381,0.327,0.963,0.445,0.579,0.437,4.899,5.01,1.206,4.547,4.043,4.579,2000,40,pois eq. 7 in llf publication with low variance w linear ll splits,linear ll splits,high var,pois,2025-06-02 02:42:17_with_40_cols_2000_rows,{'train_proportion': 0.5}
167,0.15,0.123,0.866,0.374,0.408,0.296,6.732,7.049,2.667,5.952,5.616,6.315,2000,30,eq. 7 in llf publication w linear ll splits,linear ll splits,low var,regular,2025-06-01 14:33:19_with_30_cols_2000_rows,{'train_proportion': 0.5}
168,0.388,0.315,0.91,0.429,0.578,0.406,4.771,5.191,1.834,4.736,3.964,4.831,2000,50,pois eq. 7 in llf publication with low variance w llf splits,llf splits,high var,pois,2025-06-02 03:41:46_with_50_cols_2000_rows,{'train_proportion': 0.5}
169,0.089,0.01,0.89,-0.069,0.204,0.007,19.707,20.601,6.853,21.407,18.419,20.627,2000,40,eq. 7 in llf publication with high variance w linear ll splits,linear ll splits,high var,regular,2025-06-01 15:10:53_with_40_cols_2000_rows,{'train_proportion': 0.5}
170,0.078,0.015,0.724,-0.065,0.194,-0.006,19.217,20.525,10.519,21.349,17.959,20.748,2000,30,eq. 7 in llf publication with high variance w llf splits,llf splits,high var,regular,2025-06-01 17:58:19_with_30_cols_2000_rows,{'train_proportion': 0.5}
171,0.149,0.135,0.923,0.396,0.44,0.365,6.818,7.119,2.054,5.948,5.53,6.099,2000,20,eq. 7 in llf publication w llf splits,llf splits,low var,regular,2025-05-31 21:13:26_with_20_cols_2000_rows,{'train_proportion': 0.5}
172,0.16,0.13,0.91,0.415,0.453,0.331,7.153,7.02,2.336,5.757,5.772,6.157,2000,10,eq. 7 in llf publication w llf splits,llf splits,low var,regular,2025-06-01 00:31:53_with_10_cols_2000_rows,{'train_proportion': 0.5}
173,0.381,0.3,0.971,0.485,0.55,0.45,4.743,5.14,1.023,4.407,4.043,4.555,2000,40,pois eq. 7 in llf publication with low variance w linear ll splits,linear ll splits,high var,pois,2025-06-02 02:34:45_with_40_cols_2000_rows,{'train_proportion': 0.5}
174,0.101,0.011,0.872,-0.099,0.193,0.014,19.73,20.344,7.451,21.447,18.699,20.312,2000,30,eq. 7 in llf publication with high variance w linear ll splits,linear ll splits,high var,regular,2025-06-01 14:01:30_with_30_cols_2000_rows,{'train_proportion': 0.5}
175,0.185,0.122,0.919,0.364,0.466,0.297,6.888,7.007,2.166,5.963,5.574,6.268,2000,10,eq. 7 in llf publication w llf splits,llf splits,low var,regular,2025-06-01 00:37:17_with_10_cols_2000_rows,{'train_proportion': 0.5}
176,0.425,0.368,0.888,0.474,0.551,0.455,4.71,4.812,2.079,4.387,4.164,4.469,2000,40,pois eq. 7 in llf publication with low variance w pois splits,pois splits,high var,pois,2025-06-02 03:04:11_with_40_cols_2000_rows,{'train_proportion': 0.5}
177,0.045,0.016,0.604,-0.086,0.165,0.014,19.962,20.374,12.858,21.406,18.674,20.4,2000,10,eq. 7 in llf publication with high variance w llf splits,llf splits,high var,regular,2025-06-01 00:37:17_with_10_cols_2000_rows,{'train_proportion': 0.5}
178,0.413,0.36,0.905,0.46,0.582,0.456,4.778,4.813,1.925,4.419,4.03,4.436,2000,40,pois eq. 7 in llf publication with low variance w llf splits,llf splits,high var,pois,2025-06-02 02:26:46_with_40_cols_2000_rows,{'train_proportion': 0.5}
179,0.402,0.334,0.881,0.471,0.594,0.468,4.697,5.107,2.097,4.551,3.871,4.566,2000,10,pois eq. 7 in llf publication with low variance w llf splits,llf splits,high var,pois,2025-06-01 23:37:38_with_10_cols_2000_rows,{'train_proportion': 0.5}
180,0.389,0.337,0.962,0.467,0.576,0.441,4.849,4.915,1.211,4.406,4.039,4.511,2000,30,pois eq. 7 in llf publication with low variance w linear ll splits,linear ll splits,high var,pois,2025-06-02 01:42:11_with_30_cols_2000_rows,{'train_proportion': 0.5}
181,0.339,0.329,0.867,0.512,0.558,0.484,5.07,5.132,2.278,4.375,4.147,4.498,2000,10,pois eq. 7 in llf publication with low variance w llf splits,llf splits,high var,pois,2025-06-01 23:52:23_with_10_cols_2000_rows,{'train_proportion': 0.5}
182,0.363,0.306,0.958,0.459,0.546,0.449,4.875,5.124,1.252,4.521,4.118,4.564,2000,30,pois eq. 7 in llf publication with low variance w linear ll splits,linear ll splits,high var,pois,2025-06-02 01:20:17_with_30_cols_2000_rows,{'train_proportion': 0.5}
183,0.167,0.133,0.941,0.346,0.409,0.281,6.943,6.919,1.851,6.008,5.85,6.301,2000,20,eq. 7 in llf publication w llf splits,llf splits,low var,regular,2025-06-01 17:42:18_with_20_cols_2000_rows,{'train_proportion': 0.5}
184,0.108,-0.001,0.708,-0.157,0.222,0.005,19.328,20.726,11.066,22.279,18.047,20.659,2000,50,eq. 7 in llf publication with high variance w llf splits,llf splits,high var,regular,2025-05-31 23:50:48_with_50_cols_2000_rows,{'train_proportion': 0.5}
185,0.185,0.131,0.901,0.409,0.464,0.348,6.892,6.899,2.401,5.689,5.593,5.973,2000,10,eq. 7 in llf publication w llf splits,llf splits,low var,regular,2025-06-01 17:16:03_with_10_cols_2000_rows,{'train_proportion': 0.5}
186,0.204,0.132,0.864,0.355,0.41,0.246,6.568,6.907,2.717,5.952,5.654,6.436,2000,40,eq. 7 in llf publication w linear ll splits,linear ll splits,low var,regular,2025-06-01 14:43:53_with_40_cols_2000_rows,{'train_proportion': 0.5}
187,0.375,0.311,0.97,0.49,0.543,0.443,4.698,5.062,1.022,4.353,4.018,4.552,2000,40,pois eq. 7 in llf publication with low variance w linear ll splits,linear ll splits,high var,pois,2025-06-02 02:19:25_with_40_cols_2000_rows,{'train_proportion': 0.5}
188,0.423,0.342,0.964,0.478,0.571,0.451,4.858,4.989,1.212,4.444,4.185,4.555,2000,50,pois eq. 7 in llf publication with low variance w linear ll splits,linear ll splits,high var,pois,2025-06-02 03:34:04_with_50_cols_2000_rows,{'train_proportion': 0.5}
189,0.34,0.331,0.857,0.497,0.556,0.475,5.03,5.128,2.338,4.448,4.129,4.544,2000,10,pois eq. 7 in llf publication with low variance w pois splits,pois splits,high var,pois,2025-06-01 23:23:13_with_10_cols_2000_rows,{'train_proportion': 0.5}
190,0.4,0.347,0.905,0.46,0.577,0.466,4.831,4.859,1.925,4.419,4.055,4.394,2000,40,pois eq. 7 in llf publication with low variance w pois splits,pois splits,high var,pois,2025-06-02 02:26:46_with_40_cols_2000_rows,{'train_proportion': 0.5}
191,0.069,-0.006,0.744,-0.094,0.202,-0.014,19.454,21.046,10.206,21.952,18.009,21.13,2000,30,eq. 7 in llf publication with high variance w llf splits,llf splits,high var,regular,2025-06-01 17:52:58_with_30_cols_2000_rows,{'train_proportion': 0.5}
192,0.354,0.33,0.851,0.5,0.533,0.471,4.944,5.062,2.374,4.371,4.204,4.497,2000,10,pois eq. 7 in llf publication with low variance w llf splits,llf splits,high var,pois,2025-06-01 23:44:56_with_10_cols_2000_rows,{'train_proportion': 0.5}
193,0.362,0.323,0.959,0.476,0.566,0.455,4.999,4.956,1.27,4.363,4.122,4.449,2000,20,pois eq. 7 in llf publication with low variance w linear ll splits,linear ll splits,high var,pois,2025-06-02 00:21:14_with_20_cols_2000_rows,{'train_proportion': 0.5}
194,0.395,0.324,0.906,0.472,0.571,0.452,4.971,5.055,1.964,4.466,4.185,4.551,2000,50,pois eq. 7 in llf publication with low variance w pois splits,pois splits,high var,pois,2025-06-02 03:34:04_with_50_cols_2000_rows,{'train_proportion': 0.5}
195,0.076,0.012,0.656,-0.085,0.205,-0.002,19.355,19.903,11.811,20.854,17.955,20.04,2000,30,eq. 7 in llf publication with high variance w llf splits,llf splits,high var,regular,2025-05-31 21:56:47_with_30_cols_2000_rows,{'train_proportion': 0.5}
196,0.334,0.309,0.834,0.477,0.535,0.454,4.849,5.156,2.421,4.486,4.054,4.585,2000,10,pois eq. 7 in llf publication with low variance w llf splits,llf splits,high var,pois,2025-06-02 00:06:52_with_10_cols_2000_rows,{'train_proportion': 0.5}
197,0.189,0.111,0.959,0.369,0.425,0.309,6.684,7.351,1.512,6.194,5.629,6.481,2000,40,eq. 7 in llf publication w llf splits,llf splits,low var,regular,2025-05-31 22:24:26_with_40_cols_2000_rows,{'train_proportion': 0.5}
198,0.348,0.336,0.857,0.497,0.556,0.484,5.0,5.11,2.338,4.448,4.127,4.502,2000,10,pois eq. 7 in llf publication with low variance w llf splits,llf splits,high var,pois,2025-06-01 23:23:13_with_10_cols_2000_rows,{'train_proportion': 0.5}
199,0.175,0.118,0.95,0.349,0.464,0.32,6.999,7.079,1.721,6.08,5.641,6.213,2000,30,eq. 7 in llf publication w llf splits,llf splits,low var,regular,2025-05-31 22:07:31_with_30_cols_2000_rows,{'train_proportion': 0.5}
200,0.209,0.119,0.885,0.329,0.437,0.275,6.796,7.19,2.593,6.273,5.732,6.523,2000,40,eq. 7 in llf publication w linear ll splits,linear ll splits,low var,regular,2025-06-01 14:49:15_with_40_cols_2000_rows,{'train_proportion': 0.5}
201,0.203,0.109,0.862,0.303,0.403,0.252,6.665,7.01,2.775,6.2,5.769,6.424,2000,50,eq. 7 in llf publication w linear ll splits,linear ll splits,low var,regular,2025-06-01 15:49:39_with_50_cols_2000_rows,{'train_proportion': 0.5}
202,0.382,0.327,0.951,0.5,0.589,0.446,5.015,5.063,1.413,4.363,4.092,4.593,2000,10,pois eq. 7 in llf publication with low variance w linear ll splits,linear ll splits,high var,pois,2025-06-01 23:16:08_with_10_cols_2000_rows,{'train_proportion': 0.5}
203,0.383,0.332,0.898,0.452,0.58,0.43,4.86,5.01,1.976,4.536,4.008,4.626,2000,30,pois eq. 7 in llf publication with low variance w llf splits,llf splits,high var,pois,2025-06-02 02:04:34_with_30_cols_2000_rows,{'train_proportion': 0.5}
204,0.36,0.318,0.907,0.444,0.581,0.42,5.031,5.235,1.92,4.728,4.07,4.828,2000,30,pois eq. 7 in llf publication with low variance w llf splits,llf splits,high var,pois,2025-06-02 01:27:29_with_30_cols_2000_rows,{'train_proportion': 0.5}
205,0.171,0.116,0.874,0.36,0.481,0.326,6.97,7.155,2.717,6.089,5.516,6.249,2000,50,eq. 7 in llf publication w linear ll splits,linear ll splits,low var,regular,2025-06-01 15:38:40_with_50_cols_2000_rows,{'train_proportion': 0.5}
206,0.388,0.301,0.971,0.422,0.555,0.42,4.804,5.049,1.055,4.591,4.095,4.599,2000,50,pois eq. 7 in llf publication with low variance w linear ll splits,linear ll splits,high var,pois,2025-06-02 03:26:44_with_50_cols_2000_rows,{'train_proportion': 0.5}
207,0.102,0.002,0.681,-0.081,0.187,-0.004,19.743,20.872,11.765,21.724,18.793,20.939,2000,40,eq. 7 in llf publication with high variance w llf splits,llf splits,high var,regular,2025-06-01 18:08:54_with_40_cols_2000_rows,{'train_proportion': 0.5}
208,0.202,0.12,0.935,0.36,0.383,0.258,6.395,7.086,1.827,6.041,5.622,6.507,2000,40,eq. 7 in llf publication w llf splits,llf splits,low var,regular,2025-06-01 18:08:54_with_40_cols_2000_rows,{'train_proportion': 0.5}
209,0.187,0.119,0.846,0.377,0.407,0.292,6.745,7.1,2.932,5.973,5.757,6.367,2000,30,eq. 7 in llf publication w linear ll splits,linear ll splits,low var,regular,2025-06-01 14:11:51_with_30_cols_2000_rows,{'train_proportion': 0.5}
210,0.191,0.13,0.936,0.389,0.44,0.288,6.773,6.971,1.899,5.841,5.635,6.307,2000,20,eq. 7 in llf publication w llf splits,llf splits,low var,regular,2025-06-01 17:36:53_with_20_cols_2000_rows,{'train_proportion': 0.5}
211,0.365,0.338,0.935,0.492,0.551,0.486,4.903,5.031,1.567,4.407,4.124,4.432,2000,10,pois eq. 7 in llf publication with low variance w linear ll splits,linear ll splits,high var,pois,2025-06-01 23:44:56_with_10_cols_2000_rows,{'train_proportion': 0.5}
212,0.361,0.297,0.897,0.479,0.583,0.45,4.88,5.216,1.956,4.491,3.943,4.616,2000,20,pois eq. 7 in llf publication with low variance w pois splits,pois splits,high var,pois,2025-06-02 00:14:04_with_20_cols_2000_rows,{'train_proportion': 0.5}
213,0.063,-0.003,0.705,-0.067,0.187,-0.011,19.947,20.852,11.197,21.505,18.58,20.936,2000,40,eq. 7 in llf publication with high variance w llf splits,llf splits,high var,regular,2025-06-01 18:14:13_with_40_cols_2000_rows,{'train_proportion': 0.5}
214,0.228,0.104,0.957,0.314,0.438,0.268,6.599,7.296,1.556,6.382,5.632,6.593,2000,50,eq. 7 in llf publication w llf splits,llf splits,low var,regular,2025-06-01 00:07:59_with_50_cols_2000_rows,{'train_proportion': 0.5}
215,0.176,0.138,0.906,0.402,0.407,0.293,6.617,6.858,2.237,5.713,5.612,6.213,2000,10,eq. 7 in llf publication w llf splits,llf splits,low var,regular,2025-06-01 17:26:23_with_10_cols_2000_rows,{'train_proportion': 0.5}
216,0.344,0.315,0.953,0.488,0.555,0.45,5.026,5.061,1.34,4.379,4.139,4.535,2000,20,pois eq. 7 in llf publication with low variance w linear ll splits,linear ll splits,high var,pois,2025-06-02 00:28:46_with_20_cols_2000_rows,{'train_proportion': 0.5}
217,0.159,0.119,0.804,0.401,0.416,0.293,6.852,7.079,3.307,5.84,5.709,6.344,2000,10,eq. 7 in llf publication w linear ll splits,linear ll splits,low var,regular,2025-06-01 12:57:36_with_10_cols_2000_rows,{'train_proportion': 0.5}
218,0.23,0.123,0.964,0.384,0.497,0.302,6.729,7.218,1.448,6.05,5.437,6.442,2000,40,eq. 7 in llf publication w llf splits,llf splits,low var,regular,2025-05-31 22:41:02_with_40_cols_2000_rows,{'train_proportion': 0.5}
219,0.386,0.326,0.902,0.448,0.563,0.418,4.88,5.012,1.95,4.535,4.119,4.658,2000,40,pois eq. 7 in llf publication with low variance w pois splits,pois splits,high var,pois,2025-06-02 02:42:17_with_40_cols_2000_rows,{'train_proportion': 0.5}
220,0.109,0.007,0.716,-0.099,0.186,0.006,19.628,19.528,11.084,20.552,18.76,19.54,2000,40,eq. 7 in llf publication with high variance w llf splits,llf splits,high var,regular,2025-05-31 22:41:02_with_40_cols_2000_rows,{'train_proportion': 0.5}
221,0.387,0.321,0.881,0.485,0.565,0.475,4.758,5.288,2.093,4.606,4.005,4.65,2000,20,pois eq. 7 in llf publication with low variance w pois splits,pois splits,high var,pois,2025-06-02 01:05:11_with_20_cols_2000_rows,{'train_proportion': 0.5}
222,0.152,-0.005,0.896,-0.094,0.22,0.026,18.852,20.516,6.597,21.406,18.078,20.203,2000,50,eq. 7 in llf publication with high variance w linear ll splits,linear ll splits,high var,regular,2025-06-01 15:44:17_with_50_cols_2000_rows,{'train_proportion': 0.5}
223,0.114,-0.007,0.893,-0.15,0.203,0.003,19.981,20.245,6.931,21.632,18.95,20.147,2000,50,eq. 7 in llf publication with high variance w linear ll splits,linear ll splits,high var,regular,2025-06-01 15:27:21_with_50_cols_2000_rows,{'train_proportion': 0.5}
224,0.187,0.147,0.84,0.401,0.502,0.323,7.033,7.053,3.124,5.909,5.508,6.286,2000,10,eq. 7 in llf publication w linear ll splits,linear ll splits,low var,regular,2025-06-01 12:47:15_with_10_cols_2000_rows,{'train_proportion': 0.5}
225,0.05,0.015,0.81,-0.166,0.2,0.017,20.871,19.983,9.345,21.739,19.159,19.965,2000,10,eq. 7 in llf publication with high variance w linear ll splits,linear ll splits,high var,regular,2025-06-01 13:13:34_with_10_cols_2000_rows,{'train_proportion': 0.5}
226,0.382,0.329,0.967,0.479,0.576,0.476,4.737,5.13,1.095,4.521,3.924,4.533,2000,20,pois eq. 7 in llf publication with low variance w linear ll splits,linear ll splits,high var,pois,2025-06-02 00:50:29_with_20_cols_2000_rows,{'train_proportion': 0.5}
227,0.174,0.122,0.859,0.317,0.443,0.269,7.171,6.717,2.966,5.924,5.886,6.128,2000,20,eq. 7 in llf publication w linear ll splits,linear ll splits,low var,regular,2025-06-01 13:29:38_with_20_cols_2000_rows,{'train_proportion': 0.5}
228,0.342,0.296,0.893,0.458,0.539,0.455,4.954,5.158,1.994,4.526,4.148,4.54,2000,30,pois eq. 7 in llf publication with low variance w pois splits,pois splits,high var,pois,2025-06-02 01:20:17_with_30_cols_2000_rows,{'train_proportion': 0.5}
229,0.144,0.13,0.805,0.381,0.417,0.289,6.904,6.955,3.296,5.863,5.697,6.284,2000,10,eq. 7 in llf publication w linear ll splits,linear ll splits,low var,regular,2025-06-01 12:41:57_with_10_cols_2000_rows,{'train_proportion': 0.5}
230,0.378,0.321,0.88,0.507,0.576,0.434,5.032,5.087,2.212,4.336,4.155,4.642,2000,10,pois eq. 7 in llf publication with low variance w pois splits,pois splits,high var,pois,2025-06-01 23:16:08_with_10_cols_2000_rows,{'train_proportion': 0.5}
231,0.102,0.007,0.875,-0.117,0.169,0.01,20.054,21.143,7.48,22.429,19.301,21.112,2000,40,eq. 7 in llf publication with high variance w linear ll splits,linear ll splits,high var,regular,2025-06-01 15:00:19_with_40_cols_2000_rows,{'train_proportion': 0.5}
232,0.092,-0.008,0.707,-0.078,0.172,-0.01,19.479,20.498,11.063,21.198,18.594,20.519,2000,50,eq. 7 in llf publication with high variance w llf splits,llf splits,high var,regular,2025-06-01 18:19:21_with_50_cols_2000_rows,{'train_proportion': 0.5}
233,0.148,0.142,0.842,0.417,0.451,0.342,6.985,7.057,3.007,5.815,5.606,6.181,2000,20,eq. 7 in llf publication w linear ll splits,linear ll splits,low var,regular,2025-06-01 13:56:11_with_20_cols_2000_rows,{'train_proportion': 0.5}
234,0.394,0.319,0.966,0.507,0.571,0.464,4.618,5.141,1.09,4.373,3.886,4.559,2000,40,pois eq. 7 in llf publication with low variance w linear ll splits,linear ll splits,high var,pois,2025-06-02 02:56:56_with_40_cols_2000_rows,{'train_proportion': 0.5}
235,0.065,0.021,0.648,-0.028,0.161,0.022,19.537,20.294,11.992,20.797,18.511,20.289,2000,20,eq. 7 in llf publication with high variance w llf splits,llf splits,high var,regular,2025-05-31 21:29:49_with_20_cols_2000_rows,{'train_proportion': 0.5}
236,0.382,0.353,0.968,0.472,0.56,0.479,4.884,4.866,1.11,4.397,4.119,4.365,2000,40,pois eq. 7 in llf publication with low variance w linear ll splits,linear ll splits,high var,pois,2025-06-02 03:04:11_with_40_cols_2000_rows,{'train_proportion': 0.5}
237,0.356,0.327,0.947,0.455,0.54,0.465,4.993,5.034,1.431,4.531,4.222,4.488,2000,20,pois eq. 7 in llf publication with low variance w linear ll splits,linear ll splits,high var,pois,2025-06-02 00:43:13_with_20_cols_2000_rows,{'train_proportion': 0.5}
238,0.092,0.011,0.67,-0.041,0.185,0.004,19.32,19.633,11.647,20.145,18.307,19.703,2000,30,eq. 7 in llf publication with high variance w llf splits,llf splits,high var,regular,2025-05-31 22:13:07_with_30_cols_2000_rows,{'train_proportion': 0.5}
239,0.066,0.01,0.705,-0.065,0.187,0.0,20.043,20.648,11.268,21.409,18.697,20.746,2000,20,eq. 7 in llf publication with high variance w llf splits,llf splits,high var,regular,2025-05-31 21:40:16_with_20_cols_2000_rows,{'train_proportion': 0.5}
240,0.419,0.3,0.972,0.454,0.586,0.453,4.616,5.013,1.015,4.428,3.897,4.434,2000,50,pois eq. 7 in llf publication with low variance w linear ll splits,linear ll splits,high var,pois,2025-06-02 04:04:15_with_50_cols_2000_rows,{'train_proportion': 0.5}
241,0.386,0.299,0.901,0.45,0.583,0.44,4.745,5.018,1.904,4.446,3.913,4.486,2000,50,pois eq. 7 in llf publication with low variance w pois splits,pois splits,high var,pois,2025-06-02 04:04:15_with_50_cols_2000_rows,{'train_proportion': 0.5}
242,0.347,0.303,0.904,0.48,0.534,0.426,4.801,5.091,1.843,4.396,4.056,4.619,2000,40,pois eq. 7 in llf publication with low variance w llf splits,llf splits,high var,pois,2025-06-02 02:19:25_with_40_cols_2000_rows,{'train_proportion': 0.5}
243,0.181,0.138,0.844,0.39,0.46,0.337,6.969,7.005,3.045,5.893,5.662,6.144,2000,20,eq. 7 in llf publication w linear ll splits,linear ll splits,low var,regular,2025-06-01 13:45:31_with_20_cols_2000_rows,{'train_proportion': 0.5}
244,0.132,0.006,0.904,-0.134,0.213,0.022,20.159,20.751,6.71,22.162,19.186,20.587,2000,50,eq. 7 in llf publication with high variance w linear ll splits,linear ll splits,high var,regular,2025-06-01 16:00:21_with_50_cols_2000_rows,{'train_proportion': 0.5}
245,0.07,0.003,0.72,-0.113,0.164,-0.004,20.429,20.67,11.215,21.845,19.373,20.743,2000,50,eq. 7 in llf publication with high variance w llf splits,llf splits,high var,regular,2025-06-01 00:13:23_with_50_cols_2000_rows,{'train_proportion': 0.5}
246,0.354,0.334,0.89,0.45,0.539,0.46,5.039,5.107,2.079,4.641,4.258,4.597,2000,30,pois eq. 7 in llf publication with low variance w pois splits,pois splits,high var,pois,2025-06-02 01:57:17_with_30_cols_2000_rows,{'train_proportion': 0.5}
247,0.381,0.328,0.88,0.507,0.592,0.445,5.021,5.062,2.212,4.336,4.074,4.599,2000,10,pois eq. 7 in llf publication with low variance w llf splits,llf splits,high var,pois,2025-06-01 23:16:08_with_10_cols_2000_rows,{'train_proportion': 0.5}
248,0.375,0.305,0.946,0.488,0.567,0.483,4.804,5.352,1.408,4.594,3.997,4.613,2000,20,pois eq. 7 in llf publication with low variance w linear ll splits,linear ll splits,high var,pois,2025-06-02 01:05:11_with_20_cols_2000_rows,{'train_proportion': 0.5}
249,0.211,0.121,0.886,0.361,0.469,0.316,6.67,7.276,2.534,6.205,5.473,6.421,2000,40,eq. 7 in llf publication w linear ll splits,linear ll splits,low var,regular,2025-06-01 15:16:27_with_40_cols_2000_rows,{'train_proportion': 0.5}
250,0.081,0.009,0.848,-0.125,0.204,0.017,19.437,20.459,7.91,21.794,18.086,20.367,2000,20,eq. 7 in llf publication with high variance w linear ll splits,linear ll splits,high var,regular,2025-06-01 13:50:49_with_20_cols_2000_rows,{'train_proportion': 0.5}
251,0.222,0.169,0.922,0.418,0.429,0.258,6.523,7.158,2.063,5.993,5.586,6.763,2000,10,eq. 7 in llf publication w llf splits,llf splits,low var,regular,2025-06-01 17:21:11_with_10_cols_2000_rows,{'train_proportion': 0.5}
252,0.056,-0.002,0.64,-0.065,0.127,0.007,19.574,21.039,12.094,21.685,18.827,20.941,2000,30,eq. 7 in llf publication with high variance w llf splits,llf splits,high var,regular,2025-06-01 17:47:45_with_30_cols_2000_rows,{'train_proportion': 0.5}
253,0.192,0.144,0.951,0.334,0.384,0.241,6.672,7.236,1.637,6.383,5.826,6.812,2000,40,eq. 7 in llf publication w llf splits,llf splits,low var,regular,2025-06-01 18:14:13_with_40_cols_2000_rows,{'train_proportion': 0.5}
254,0.362,0.282,0.963,0.441,0.566,0.44,4.632,5.336,1.115,4.706,3.818,4.713,2000,40,pois eq. 7 in llf publication with low variance w linear ll splits,linear ll splits,high var,pois,2025-06-02 02:49:47_with_40_cols_2000_rows,{'train_proportion': 0.5}
255,0.405,0.349,0.901,0.465,0.569,0.413,4.785,4.87,1.948,4.414,4.074,4.623,2000,30,pois eq. 7 in llf publication with low variance w llf splits,llf splits,high var,pois,2025-06-02 01:42:11_with_30_cols_2000_rows,{'train_proportion': 0.5}
256,0.358,0.327,0.959,0.453,0.537,0.457,5.025,5.133,1.276,4.627,4.267,4.613,2000,30,pois eq. 7 in llf publication with low variance w linear ll splits,linear ll splits,high var,pois,2025-06-02 01:57:17_with_30_cols_2000_rows,{'train_proportion': 0.5}
257,0.242,0.137,0.962,0.328,0.456,0.266,6.663,7.092,1.501,6.255,5.645,6.538,2000,50,eq. 7 in llf publication w llf splits,llf splits,low var,regular,2025-05-31 23:56:37_with_50_cols_2000_rows,{'train_proportion': 0.5}
258,0.333,0.309,0.924,0.481,0.536,0.453,4.854,5.158,1.638,4.471,4.05,4.587,2000,10,pois eq. 7 in llf publication with low variance w linear ll splits,linear ll splits,high var,pois,2025-06-02 00:06:52_with_10_cols_2000_rows,{'train_proportion': 0.5}
259,0.239,0.136,0.97,0.279,0.426,0.259,6.608,6.699,1.301,6.119,5.74,6.203,2000,50,eq. 7 in llf publication w llf splits,llf splits,low var,regular,2025-06-01 00:02:23_with_50_cols_2000_rows,{'train_proportion': 0.5}
260,0.184,0.129,0.843,0.354,0.458,0.296,6.757,7.054,2.962,6.077,5.505,6.342,2000,30,eq. 7 in llf publication w linear ll splits,linear ll splits,low var,regular,2025-06-01 14:38:37_with_30_cols_2000_rows,{'train_proportion': 0.5}
261,0.384,0.315,0.961,0.488,0.573,0.481,4.836,5.237,1.223,4.528,4.027,4.557,2000,30,pois eq. 7 in llf publication with low variance w linear ll splits,linear ll splits,high var,pois,2025-06-02 01:49:41_with_30_cols_2000_rows,{'train_proportion': 0.5}
262,0.102,0.025,0.74,-0.055,0.214,-0.017,19.629,19.482,10.566,20.273,18.369,19.896,2000,50,eq. 7 in llf publication with high variance w llf splits,llf splits,high var,regular,2025-06-01 00:07:59_with_50_cols_2000_rows,{'train_proportion': 0.5}
263,0.224,0.124,0.938,0.35,0.391,0.264,6.664,7.13,1.883,6.143,5.902,6.533,2000,50,eq. 7 in llf publication w llf splits,llf splits,low var,regular,2025-06-01 18:24:43_with_50_cols_2000_rows,{'train_proportion': 0.5}
264,0.112,0.016,0.896,-0.08,0.21,0.02,19.405,20.322,6.655,21.288,18.305,20.277,2000,50,eq. 7 in llf publication with high variance w linear ll splits,linear ll splits,high var,regular,2025-06-01 15:32:56_with_50_cols_2000_rows,{'train_proportion': 0.5}
265,0.071,0.027,0.867,-0.111,0.188,0.033,20.313,20.879,7.692,22.317,18.982,20.819,2000,30,eq. 7 in llf publication with high variance w linear ll splits,linear ll splits,high var,regular,2025-06-01 14:17:21_with_30_cols_2000_rows,{'train_proportion': 0.5}
266,0.357,0.347,0.922,0.494,0.56,0.474,4.966,5.067,1.731,4.459,4.106,4.549,2000,10,pois eq. 7 in llf publication with low variance w linear ll splits,linear ll splits,high var,pois,2025-06-01 23:23:13_with_10_cols_2000_rows,{'train_proportion': 0.5}
267,0.214,0.129,0.855,0.377,0.409,0.306,6.502,7.208,2.792,6.095,5.638,6.432,2000,50,eq. 7 in llf publication w linear ll splits,linear ll splits,low var,regular,2025-06-01 15:27:21_with_50_cols_2000_rows,{'train_proportion': 0.5}
268,0.434,0.325,0.917,0.458,0.586,0.458,4.473,5.242,1.716,4.701,3.828,4.7,2000,50,pois eq. 7 in llf publication with low variance w llf splits,llf splits,high var,pois,2025-06-02 03:19:15_with_50_cols_2000_rows,{'train_proportion': 0.5}
269,0.367,0.313,0.886,0.468,0.562,0.409,4.957,5.121,2.109,4.506,4.127,4.75,2000,30,pois eq. 7 in llf publication with low variance w llf splits,llf splits,high var,pois,2025-06-02 01:12:50_with_30_cols_2000_rows,{'train_proportion': 0.5}
270,0.068,0.023,0.686,-0.065,0.186,0.009,20.389,20.278,11.831,21.178,19.053,20.43,2000,20,eq. 7 in llf publication with high variance w llf splits,llf splits,high var,regular,2025-05-31 21:13:26_with_20_cols_2000_rows,{'train_proportion': 0.5}
271,0.364,0.306,0.881,0.485,0.557,0.465,4.846,5.348,2.093,4.606,4.042,4.696,2000,20,pois eq. 7 in llf publication with low variance w llf splits,llf splits,high var,pois,2025-06-02 01:05:11_with_20_cols_2000_rows,{'train_proportion': 0.5}
272,0.339,0.33,0.867,0.512,0.566,0.464,5.068,5.128,2.278,4.375,4.106,4.587,2000,10,pois eq. 7 in llf publication with low variance w pois splits,pois splits,high var,pois,2025-06-01 23:52:23_with_10_cols_2000_rows,{'train_proportion': 0.5}
273,0.473,0.377,0.971,0.468,0.62,0.441,4.763,4.85,1.12,4.48,4.042,4.591,2000,50,pois eq. 7 in llf publication with low variance w linear ll splits,linear ll splits,high var,pois,2025-06-02 03:49:03_with_50_cols_2000_rows,{'train_proportion': 0.5}
274,0.219,0.122,0.95,0.332,0.435,0.254,6.67,7.13,1.694,6.22,5.672,6.571,2000,30,eq. 7 in llf publication w llf splits,llf splits,low var,regular,2025-05-31 22:02:02_with_30_cols_2000_rows,{'train_proportion': 0.5}
275,0.335,0.317,0.882,0.473,0.555,0.471,5.05,5.016,2.125,4.405,4.131,4.415,2000,20,pois eq. 7 in llf publication with low variance w pois splits,pois splits,high var,pois,2025-06-02 00:35:58_with_20_cols_2000_rows,{'train_proportion': 0.5}
276,0.146,0.005,0.908,-0.171,0.196,-0.008,20.134,21.016,6.592,22.797,19.531,21.155,2000,40,eq. 7 in llf publication with high variance w linear ll splits,linear ll splits,high var,regular,2025-06-01 14:49:15_with_40_cols_2000_rows,{'train_proportion': 0.5}
277,0.069,0.006,0.662,-0.114,0.181,0.002,19.938,21.191,12.014,22.429,18.7,21.227,2000,30,eq. 7 in llf publication with high variance w llf splits,llf splits,high var,regular,2025-05-31 22:07:31_with_30_cols_2000_rows,{'train_proportion': 0.5}
278,0.348,0.284,0.888,0.444,0.557,0.417,4.68,5.328,1.939,4.694,3.86,4.806,2000,40,pois eq. 7 in llf publication with low variance w pois splits,pois splits,high var,pois,2025-06-02 02:49:47_with_40_cols_2000_rows,{'train_proportion': 0.5}
279,0.19,0.126,0.851,0.401,0.444,0.27,7.151,7.109,3.067,5.885,5.925,6.5,2000,10,eq. 7 in llf publication w linear ll splits,linear ll splits,low var,regular,2025-06-01 12:52:25_with_10_cols_2000_rows,{'train_proportion': 0.5}
280,0.077,0.009,0.823,-0.112,0.207,-0.005,19.896,20.524,8.723,21.74,18.445,20.674,2000,20,eq. 7 in llf publication with high variance w linear ll splits,linear ll splits,high var,regular,2025-06-01 13:34:58_with_20_cols_2000_rows,{'train_proportion': 0.5}
281,0.083,0.002,0.896,-0.18,0.207,-0.018,20.055,20.751,6.75,22.564,18.654,20.966,2000,40,eq. 7 in llf publication with high variance w linear ll splits,linear ll splits,high var,regular,2025-06-01 14:55:00_with_40_cols_2000_rows,{'train_proportion': 0.5}
282,0.397,0.333,0.907,0.444,0.575,0.433,4.884,5.177,1.92,4.728,4.101,4.774,2000,30,pois eq. 7 in llf publication with low variance w pois splits,pois splits,high var,pois,2025-06-02 01:27:29_with_30_cols_2000_rows,{'train_proportion': 0.5}
283,0.079,-0.009,0.852,-0.115,0.165,0.003,20.355,20.667,8.161,21.728,19.383,20.551,2000,30,eq. 7 in llf publication with high variance w linear ll splits,linear ll splits,high var,regular,2025-06-01 14:33:19_with_30_cols_2000_rows,{'train_proportion': 0.5}
284,0.101,-0.005,0.776,-0.103,0.222,-0.012,19.697,20.663,9.823,21.651,18.325,20.738,2000,50,eq. 7 in llf publication with high variance w llf splits,llf splits,high var,regular,2025-05-31 23:56:37_with_50_cols_2000_rows,{'train_proportion': 0.5}
285,0.445,0.363,0.906,0.472,0.568,0.455,4.763,4.908,1.964,4.466,4.201,4.539,2000,50,pois eq. 7 in llf publication with low variance w llf splits,llf splits,high var,pois,2025-06-02 03:34:04_with_50_cols_2000_rows,{'train_proportion': 0.5}
